{
    "5092720090": 1751720611.8964212,
    "1354289833": 1751731477.1815405
}